first_name,last_name,id,adress,tel,observation
India,Armand,1,Rouyn-Noranda,73992581,Semper Cursus Integer Limited
Hillary,Tiger,2,Rimouski,62293626,Tellus Id Inc.
Hunter,Gabriel,3,Waterloo,58822631,Bibendum Fermentum LLC
Renee,Yardley,4,Conselice,72732347,Aliquam Corp.
Brynn,Jaquelyn,5,Harrisburg,44705460,Iaculis Quis Corporation
Amos,Dalton,6,Lac Ste. Anne,39792422,Feugiat Nec Diam LLC
Yasir,Nadine,7,Armento,64861901,Cursus Limited
Rogan,Paloma,8,Mérida,47805569,Ut Tincidunt Institute
Rhoda,Kennan,9,Sicuani,35003179,Ac LLC
Doris,Amery,10,Jafarabad,92356384,Pretium Institute
Calista,Cally,11,Ganganagar,49885569,Vel Associates
Anastasia,Shelley,12,Picture Butte,30043733,Luctus Ipsum Corp.
Lareina,Kyra,13,Bareilly,67315837,In LLC
Bryar,Simon,14,Unnao,68147434,Augue Company
Bethany,Hyacinth,15,Surabaya,31426947,Eu Tellus Limited
Buckminster,Danielle,16,Legnica,82357168,Praesent LLP
Chaney,Sigourney,17,Forchies-la-Marche,32488015,Bibendum Fermentum Ltd
Prescott,Harper,18,Santa Rita,76108220,Pellentesque Company
Xenos,Owen,19,Bankura,52007482,Molestie Pharetra Associates
Griffith,Walker,20,Santa Maria,91819430,Pellentesque Ut Consulting
Velma,Nadine,21,Nadiad,49712073,Mauris Non Corporation
Zachary,Breanna,22,Romano d'Ezzelino,31273621,Ac Company
Quynn,Cally,23,Stevenage,36521921,Enim Nunc Ut Corporation
Cameron,Geoffrey,24,Dalkeith,33556090,Enim Industries
Pandora,Morgan,25,Ripacandida,17899786,Mollis Corporation
Chester,Carl,26,Hull,57118942,Cras Vehicula Aliquet Corp.
Julian,Kylie,27,Hope,28931974,Orci Ut Limited
Whoopi,Eric,28,Leeuwarden,93544495,Sed Nulla Ante Corp.
Yardley,Barbara,29,Bourlers,23586207,Ullamcorper Duis LLC
Virginia,Joshua,30,Swindon,976846,Leo In Incorporated
Jorden,Norman,31,H�rouxville,31781129,Nec Diam Duis Corp.
Fredericka,Ella,32,Aizwal,15216406,Cras Lorem Lorem LLP
Maggy,Brandon,33,Besançon,20468658,Aliquam Erat Volutpat Associates
Haley,Hasad,34,Termeno sulla strada del vino/Tramin an der Weinstrasse,27151020,Dictum Corp.
Quyn,Kiara,35,Smoky Lake,59503759,Purus Gravida Sagittis Incorporated
Thomas,Amir,36,Orenburg,13861647,Quam A Inc.
Ivor,Amity,37,San Joaquín,18514663,Aliquam Limited
Arsenio,Shay,38,Aiseau,12169647,Fusce Mollis Corp.
Jacob,Lenore,39,Kessenich,84266949,Posuere Consulting
Martina,Roary,40,Montemilone,34228223,Donec Est Nunc Inc.
Nicholas,Bevis,41,Montpellier,41267036,Dictum Augue Malesuada Ltd
Randall,Daryl,42,Rawalakot,17198559,Odio Corporation
Alisa,Lane,43,New Orleans,53791973,Lorem Sit Associates
Mariam,Bradley,44,Soma,65213277,Felis Foundation
Amos,Malcolm,45,Merchtem,39230157,Bibendum Sed Incorporated
Ezra,Maxwell,46,Penna San Giovanni,82198056,Suscipit Est Foundation
Halla,Lionel,47,Imphal,12923198,Etiam Gravida Molestie Corporation
Natalie,Aubrey,48,Sint-Stevens-Woluwe,64994743,Augue Eu Tempor LLP
Portia,Brendan,49,Corroy-le-Ch‰teau,7539598,Donec LLP
Oprah,Herrod,50,Quilaco,74390725,Lobortis Quis Industries
Channing,Ava,51,Zwettl-Niederösterreich,79782407,Mauris Nulla Integer Inc.
Ali,TaShya,52,Wilmington,49286509,Laoreet Lectus PC
Iliana,Rae,53,Sint-Martens-Lennik,4240883,Urna Incorporated
Amos,Nash,54,Gaasbeek,40400187,Litora Torquent LLP
Channing,Nevada,55,Buti,93713929,Risus Donec Egestas Incorporated
Serena,Joelle,56,Liernu,8770077,Facilisis Facilisis Consulting
Vanna,Adam,57,Glimes,778893,Eu Limited
Carolyn,Baxter,58,San Luca,78865437,Orci Consectetuer Euismod Consulting
David,Aristotle,59,Saint Petersburg,6875547,Integer LLP
Gil,Zachery,60,Peumo,77488546,Ac Company
Willa,Axel,61,Kuringen,47998199,Sociis Natoque Penatibus Consulting
Derek,Ezra,62,Fairbanks,44760076,Egestas A LLP
Hamish,Camden,63,Buenaventura,54352649,Nisl Maecenas Limited
Travis,Zephania,64,Boston,36132486,Nunc LLC
Kenneth,Brennan,65,Tortel,93432987,Nec Inc.
Rana,Juliet,66,Rothesay,57642384,Vitae Aliquet Nec PC
Alice,Todd,67,Darion,30357200,Duis Institute
Martha,Lucius,68,Ramagundam,56654137,Lobortis Consulting
Aidan,Walker,69,Hamm,12335426,Gravida Sagittis Duis Inc.
Daria,Emily,70,Rhemes-Saint-Georges,16831872,Leo In LLC
Nissim,Brady,71,Bautzen,77583087,Tempor Lorem LLP
Chandler,Maryam,72,Jonesboro,68134338,Ornare Tortor Corp.
Hakeem,Audrey,73,Temuco,32731651,Duis LLP
Basia,Dalton,74,Gretna,66435011,Dui Augue Ltd
Harper,Hiram,75,Ulloa (Barrial),42539306,Fusce Aliquam Limited
Henry,Alyssa,76,Châtellerault,6965069,Sed Nulla Ante LLC
Astra,Leo,77,Mottola,10230947,Quis Industries
Laura,Damian,78,Devon,95000139,Praesent Eu Dui Corp.
Brody,Magee,79,Dmitrov,97548688,Est Nunc Industries
Kalia,Lee,80,Labrecque,89090228,Eu Dolor Egestas Company
Alfreda,Hayes,81,Detroit,32884119,Quis Ltd
Giacomo,Perry,82,Sint-Lambrechts-Woluwe,56774013,Eget PC
Jordan,Tallulah,83,Kearny,45380976,Neque Consulting
Deborah,Vielka,84,Andernach,30166515,Sed PC
Brynne,Avram,85,San Giovanni Lipioni,24769547,Gravida Aliquam Tincidunt LLC
Thomas,Amir,86,Pickering,38170214,Dis Incorporated
Freya,Charde,87,Alhué,36652115,Laoreet Libero Et Industries
Tyrone,Hunter,88,GŽrouville,15379295,Libero Proin Limited
Walker,Philip,89,Memphis,7819038,Suspendisse Tristique Neque Inc.
Montana,Raphael,90,Mönchengladbach,93425706,Turpis Incorporated
Chase,Jocelyn,91,Anjou,83985455,Dui Corporation
Alea,Basia,92,Anklam,70303464,Euismod Et Commodo Institute
Myra,Hall,93,Golitsyno,16786752,Eget Tincidunt Foundation
Garth,Clementine,94,Roux-Miroir,96013998,Sit Amet Ante Corp.
Jael,Elijah,95,Frederick,63179597,Aliquam Enim Company
Xanthus,Serena,96,Forges,81863098,Sed Hendrerit Associates
Raya,Isabelle,97,Zaraysk,57437249,Luctus Felis Purus PC
Thane,Frances,98,Tirúa,86350530,Tincidunt Aliquam Incorporated
Ursa,Zelda,99,Vidnoye,72281785,Massa Mauris PC
Dominic,Naida,100,Valpelline,33470889,Eu Tempor Limited