price,name,type,ingredient,size
1,Nelle,Oren,Risa,Lani
2,Kristen,Ria,Baker,Rose
3,Laith,Rhiannon,Colt,Xantha
4,Wallace,Colette,Ralph,Hilel
5,Hedda,Xerxes,Kristen,Kenyon
6,Ivan,Aileen,Rhonda,Benjamin
7,Ingrid,Beck,Hanna,Unity
8,Akeem,Price,Piper,Alan
9,Jada,August,Unity,Slade
10,Charity,Troy,Plato,Madonna
11,Kasimir,Arthur,Zephr,Mary
12,Francis,Freya,Elliott,Quincy
13,Jillian,Desiree,Macy,Serena
14,Mufutau,Amal,Ryder,Galvin
15,Adam,Odysseus,Larissa,Simone
16,Martena,Keane,Fulton,Ebony
17,Debra,Holmes,Jordan,Ifeoma
18,Steven,Bryar,Tanya,India
19,Raya,Hollee,Stone,Bell
20,Miranda,Callum,Nomlanga,Cody
21,Jonah,Mufutau,Ian,Alexa
22,Claudia,Fritz,Arden,Vielka
23,Curran,Quemby,Tanya,Chaney
24,Eden,Audra,Clinton,Jacqueline
25,Knox,Lisandra,Uriah,Xenos
26,Keefe,Uriel,Chiquita,Mollie
27,Phyllis,Hop,Cameron,Nigel
28,Aiko,Wang,Elton,Marvin
29,Justin,Merritt,Sacha,Taylor
30,Jamal,Prescott,Phyllis,Wynne
31,Lee,Chiquita,Laura,Haley
32,Gwendolyn,Lucian,Chaim,Julian
33,Kevyn,Peter,Orli,Keiko
34,Buffy,Carl,Maite,Lacy
35,Casey,Graiden,Todd,Hermione
36,Ulysses,Emerson,Allistair,Natalie
37,Knox,Deborah,Brent,Lance
38,Dorian,Moses,Caryn,Evan
39,Dieter,Raymond,Hamish,Abraham
40,Sophia,Eric,Zenaida,Dalton
41,Yvonne,Dean,Natalie,Cynthia
42,Adena,Clinton,Byron,Arthur
43,Stuart,Melyssa,Nerea,Malachi
44,Gail,Hilel,Paula,Burton
45,Kane,Kato,Maggy,Amos
46,Yardley,Kirby,Jerome,Janna
47,Camden,Zachery,Aretha,Savannah
48,Noah,Emily,Jonas,Ivor
49,Luke,Cadman,Aurora,Lydia
50,Timon,Abraham,Preston,Christian
51,Christian,Pearl,Kareem,Colleen
52,Maxwell,Amos,Stewart,Calvin
53,Lucius,Bethany,Tamekah,Julian
54,Driscoll,Joan,Madeson,Raya
55,Oleg,Vance,Hedda,Gregory
56,Daquan,Vivien,Lance,Delilah
57,McKenzie,Oprah,Barrett,Honorato
58,Tad,Heidi,Nicholas,Hillary
59,Meredith,Colby,Maxwell,Josiah
60,Ulysses,Ivana,Leo,Wyatt
61,Demetrius,Lawrence,Barclay,Jacqueline
62,Cameron,Justine,Vaughan,Rudyard
63,Dale,Kasper,John,Abdul
64,Kyla,Sylvester,Arsenio,Christopher
65,Wynter,Octavia,Talon,Avye
66,Wendy,Barry,Whilemina,Tara
67,Geraldine,Tara,Robert,Tobias
68,Indigo,Phillip,Aimee,Christopher
69,Hamilton,Ahmed,Haley,Lacota
70,Caleb,Paki,Deanna,Vivien
71,Rooney,Winifred,Sacha,TaShya
72,Arthur,Veronica,Lionel,Xanthus
73,Hayley,Quincy,Christopher,Wyatt
74,Rama,Odette,Melanie,Anjolie
75,Valentine,Inez,Delilah,Adria
76,Cassidy,Tanner,Brennan,Zeph
77,Macey,Jesse,Gisela,Emma
78,Reese,Amaya,Salvador,Demetria
79,Delilah,Oprah,Josephine,Cade
80,Ryder,Indigo,Jescie,Daryl
81,Lee,Arthur,Wayne,Sydnee
82,Bernard,Kieran,Joy,Hiroko
83,Zachery,Caleb,Kylie,Kylie
84,Lawrence,Dylan,Alexander,Odessa
85,Roary,Erasmus,Edan,Addison
86,Caryn,Nash,Hasad,Alexa
87,Otto,Finn,Edan,Jael
88,Xavier,Dean,Jeremy,Mechelle
89,Zephr,Megan,Neville,Leroy
90,Malik,Eliana,Hyatt,Althea
91,Acton,Arden,Dieter,Dai
92,Shoshana,Audra,Adam,Salvador
93,Graham,Shana,Leroy,Bradley
94,Christopher,Allen,Jemima,Laura
95,Judith,Carlos,Mira,Ivan
96,Cheyenne,Audra,Forrest,Lucas
97,Todd,Lacota,Althea,Kaseem
98,Eve,Wendy,Bruce,Isabella
99,Andrew,Dominic,Laith,Carly
100,Jana,Caleb,Carlos,TaShya