first_name,last_name,id,adress,tel
Tanner,Howard,1,Carleton,20741290
Rebecca,Zephania,2,Valleyview,66369864
Lester,Jason,3,Marche-les-Dames,43973313
Kai,Jacob,4,Colwood,43614615
Wang,Ria,5,Argyle,650659
Cynthia,Martin,6,Pergola,39823406
Cynthia,Derek,7,Selkirk,38262014
Gareth,Neve,8,Whitchurch-Stouffville,45042559
Abel,Cara,9,Vierzon,91818247
Kessie,Akeem,10,Busan,62113820
Cora,Kirk,11,Corvino San Quirico,10854995
Macey,Nehru,12,Magangué,10247013
Lael,Elton,13,Rockford,33232826
Nasim,Kirsten,14,Warren,37495750
Thor,Courtney,15,Lions Bay,55746162
Aubrey,Charles,16,Legal,41872191
Hadley,Hedy,17,Adoni,22272529
Knox,Renee,18,Dieppe,99698377
Sheila,Keefe,19,Garbsen,44807229
Brooke,Miranda,20,San Miguel,21091631
Maxine,Florence,21,Gosselies,43409556
Allen,Walter,22,Gmunden,73651662
Blaine,Barclay,23,Zelem,72125025
Arthur,Lareina,24,Atlanta,40285364
Amena,Hall,25,Motta Visconti,35445143
Oscar,Basia,26,Ternate,2488366
Sara,Arthur,27,Hard,3996041
Jin,Catherine,28,Goiânia,49741548
Kimberley,Rebekah,29,Pallavaram,52898892
Risa,Ronan,30,Mangalore,98559291
Zephr,Henry,31,Uluberia,99892305
Hillary,Paki,32,Laja,62201172
Charles,Petra,33,General Escobedo,53020628
Shelly,Chaim,34,Wiekevorst,35682246
Yuli,Ruby,35,Vancouver,33346385
Orlando,Ali,36,Zlynka,34274050
Jordan,Camden,37,Puerto Guzmán,18812078
Marny,Kellie,38,Campomarino,10244770
Reagan,Deirdre,39,Mérignac,28975256
Cecilia,Phillip,40,Granada,4728082
Allistair,Zahir,41,Bath,12489469
Gareth,Aidan,42,Bussolengo,860840
Sloane,Vivian,43,Bouffioulx,61994069
Jael,Quemby,44,Paglieta,50151690
Vance,Mercedes,45,Rhisnes,75188128
Xyla,Dara,46,Hilversum,61249514
Aidan,Gary,47,Port Blair,99458081
Kirk,Janna,48,St. Asaph,48219818
Slade,Erin,49,Baton Rouge,1215354
Sonya,Kato,50,Anderlecht,27757515
Cade,Myles,51,Ottawa,1516973
Dante,Lynn,52,Ghislarengo,71386663
Oprah,Price,53,Rimouski,65302403
Molly,Tatyana,54,Kessenich,43702733
Tyrone,Walter,55,Sant'Arsenio,22193460
Vance,Cassandra,56,Van,38856175
Nadine,Alika,57,San Venanzo,72160672
Flynn,Hedwig,58,Oromocto,56023720
Amery,Amena,59,Biryuch,8675423
Donna,Scott,60,Sellia Marina,11030349
Ezekiel,Quynn,61,Colico,65217449
Sybill,Barry,62,Moio Alcantara,97864612
Ainsley,Christen,63,La Unión,33986934
Dustin,Whitney,64,Cavasso Nuovo,15687214
Jillian,Kasper,65,Fort Worth,84104151
Ira,Shana,66,Norman,97656987
Russell,Jennifer,67,Langford,62540824
Eve,Sara,68,Kapuskasing,10879195
Amelia,Glenna,69,Cetara,55602357
Nathan,Hilda,70,Austin,73380094
Chiquita,Kelly,71,Swan Hill,13539046
Zorita,Erica,72,Giove,76385022
Aladdin,Rachel,73,Rivi�re-du-Loup,15646532
Aristotle,Cooper,74,Neubrandenburg,75358148
Gwendolyn,Neve,75,Shenkursk,37265746
Mufutau,Patrick,76,Körfez,72401011
Fallon,Sebastian,77,Ajax,42711266
Camille,Caesar,78,Wodonga,32275431
Hyatt,Kimberly,79,Toronto,1171727
September,Adrienne,80,Lokeren,98641075
Kalia,Walker,81,Santander de Quilichao,53290709
Abel,Megan,82,Pessac,40497943
Curran,Jeanette,83,Salihli,69553324
Jelani,Jermaine,84,Sterling Heights,34532172
Rashad,Angela,85,Montes Claros,35775254
Amaya,Warren,86,Dover,88196398
Nomlanga,Ginger,87,Rizes,94910358
Stacey,Nero,88,Gongju,83612257
Colleen,Chase,89,Oklahoma City,24304712
Tamekah,Nehru,90,Kotli,34112416
Adrienne,Timon,91,Dmitrov,85057009
Lavinia,Francesca,92,Sabadell,16336430
Tobias,Melyssa,93,Fraser Lake,26266023
Kermit,Sandra,94,Cavaion Veronese,84113911
Quail,Felix,95,Forgaria nel Friuli,21957704
Ishmael,Stephanie,96,Curacautín,21950190
Tanner,Jenette,97,Fabro,20314851
Colton,Oren,98,Waardamme,89628913
Uriel,Macaulay,99,Berwick-upon-Tweed,33367191
Imogene,Serena,100,Conselice,2511034